,Hour,Flow (Veh/Hour),# Lane Points,% Observed
0,2014-07-01 00:00:00,708,48,75
1,2014-07-01 01:00:00,415,48,67
2,2014-07-01 02:00:00,293,48,83
3,2014-07-01 03:00:00,366,48,92
4,2014-07-01 04:00:00,657,48,83
5,2014-07-01 05:00:00,1618,48,100
6,2014-07-01 06:00:00,3401,48,92
7,2014-07-01 07:00:00,3946,48,92
8,2014-07-01 08:00:00,3859,48,100
9,2014-07-01 09:00:00,3750,48,100
10,2014-07-01 10:00:00,3727,48,100
11,2014-07-01 11:00:00,4047,48,100
12,2014-07-01 12:00:00,4501,48,100
13,2014-07-01 13:00:00,4401,48,100
14,2014-07-01 14:00:00,5375,48,100
15,2014-07-01 15:00:00,6377,48,100
16,2014-07-01 16:00:00,6426,48,100
17,2014-07-01 17:00:00,6388,48,100
18,2014-07-01 18:00:00,4911,48,100
19,2014-07-01 19:00:00,3729,48,100
20,2014-07-01 20:00:00,3123,48,100
21,2014-07-01 21:00:00,2707,48,100
22,2014-07-01 22:00:00,2227,48,100
23,2014-07-01 23:00:00,1375,48,100
24,2014-07-02 00:00:00,719,48,100
25,2014-07-02 01:00:00,464,48,100
26,2014-07-02 02:00:00,377,48,100
27,2014-07-02 03:00:00,386,48,100
28,2014-07-02 04:00:00,622,48,100
29,2014-07-02 05:00:00,1670,48,100
30,2014-07-02 06:00:00,3118,48,100
31,2014-07-02 07:00:00,3916,48,100
32,2014-07-02 08:00:00,3810,48,100
33,2014-07-02 09:00:00,3605,48,100
34,2014-07-02 10:00:00,3735,48,100
35,2014-07-02 11:00:00,4177,48,100
36,2014-07-02 12:00:00,4615,48,100
37,2014-07-02 13:00:00,4796,48,100
38,2014-07-02 14:00:00,5470,48,100
39,2014-07-02 15:00:00,6621,48,100
40,2014-07-02 16:00:00,6606,48,100
41,2014-07-02 17:00:00,6515,48,100
42,2014-07-02 18:00:00,5236,48,83
43,2014-07-02 19:00:00,3936,48,92
44,2014-07-02 20:00:00,3194,48,75
45,2014-07-02 21:00:00,2783,48,100
46,2014-07-02 22:00:00,2175,48,100
47,2014-07-02 23:00:00,1389,48,100
48,2014-07-03 00:00:00,833,48,100
49,2014-07-03 01:00:00,540,48,100
50,2014-07-03 02:00:00,392,48,100
51,2014-07-03 03:00:00,385,48,100
52,2014-07-03 04:00:00,664,48,83
53,2014-07-03 05:00:00,1696,48,100
54,2014-07-03 06:00:00,3079,48,100
55,2014-07-03 07:00:00,3834,48,92
56,2014-07-03 08:00:00,3979,48,83
57,2014-07-03 09:00:00,3933,48,100
58,2014-07-03 10:00:00,4103,48,100
59,2014-07-03 11:00:00,4594,48,100
60,2014-07-03 12:00:00,5003,48,100
61,2014-07-03 13:00:00,5418,48,100
62,2014-07-03 14:00:00,6260,48,100
63,2014-07-03 15:00:00,6718,48,100
64,2014-07-03 16:00:00,6491,48,100
65,2014-07-03 17:00:00,6082,48,100
66,2014-07-03 18:00:00,5119,48,100
67,2014-07-03 19:00:00,4309,48,100
68,2014-07-03 20:00:00,3570,48,100
69,2014-07-03 21:00:00,3277,48,100
70,2014-07-03 22:00:00,2657,48,100
71,2014-07-03 23:00:00,1757,48,100
72,2014-07-07 00:00:00,957,48,100
73,2014-07-07 01:00:00,490,48,100
74,2014-07-07 02:00:00,341,48,92
75,2014-07-07 03:00:00,411,48,100
76,2014-07-07 04:00:00,698,48,92
77,2014-07-07 05:00:00,1658,48,75
78,2014-07-07 06:00:00,3258,48,100
79,2014-07-07 07:00:00,3965,48,100
80,2014-07-07 08:00:00,3852,48,100
81,2014-07-07 09:00:00,3843,48,100
82,2014-07-07 10:00:00,4131,48,100
83,2014-07-07 11:00:00,4178,48,83
84,2014-07-07 12:00:00,4482,48,100
85,2014-07-07 13:00:00,4597,48,100
86,2014-07-07 14:00:00,5435,48,100
87,2014-07-07 15:00:00,6312,48,100
88,2014-07-07 16:00:00,6918,48,75
89,2014-07-07 17:00:00,6275,48,100
90,2014-07-07 18:00:00,4704,48,100
91,2014-07-07 19:00:00,3497,48,100
92,2014-07-07 20:00:00,2977,48,100
93,2014-07-07 21:00:00,2571,48,100
94,2014-07-07 22:00:00,1893,48,100
95,2014-07-07 23:00:00,1278,48,100
96,2014-07-08 00:00:00,861,48,75
97,2014-07-08 01:00:00,531,48,92
98,2014-07-08 02:00:00,300,48,100
99,2014-07-08 03:00:00,355,48,100
100,2014-07-08 04:00:00,597,48,100
101,2014-07-08 05:00:00,1587,48,100
102,2014-07-08 06:00:00,3132,48,100
103,2014-07-08 07:00:00,3972,48,100
104,2014-07-08 08:00:00,4007,48,100
105,2014-07-08 09:00:00,3763,48,100
106,2014-07-08 10:00:00,3747,48,100
107,2014-07-08 11:00:00,3958,48,100
108,2014-07-08 12:00:00,4161,48,100
109,2014-07-08 13:00:00,4511,48,100
110,2014-07-08 14:00:00,5460,48,92
111,2014-07-08 15:00:00,6561,48,83
112,2014-07-08 16:00:00,6802,48,83
113,2014-07-08 17:00:00,6406,48,25
114,2014-07-08 18:00:00,4984,48,83
115,2014-07-08 19:00:00,3784,48,75
116,2014-07-08 20:00:00,3047,48,83
117,2014-07-08 21:00:00,2685,48,83
118,2014-07-08 22:00:00,2008,48,67
119,2014-07-08 23:00:00,1280,48,100
120,2014-07-09 00:00:00,713,48,100
121,2014-07-09 01:00:00,459,48,100
122,2014-07-09 02:00:00,336,48,92
123,2014-07-09 03:00:00,380,48,75
124,2014-07-09 04:00:00,640,48,92
125,2014-07-09 05:00:00,1665,48,67
126,2014-07-09 06:00:00,3081,48,83
127,2014-07-09 07:00:00,3941,48,100
128,2014-07-09 08:00:00,3897,48,100
129,2014-07-09 09:00:00,3724,48,100
130,2014-07-09 10:00:00,3575,48,100
131,2014-07-09 11:00:00,3975,48,100
132,2014-07-09 12:00:00,4498,48,100
133,2014-07-09 13:00:00,4442,48,100
134,2014-07-09 14:00:00,5610,48,58
135,2014-07-09 15:00:00,6438,48,100
136,2014-07-09 16:00:00,6467,48,100
137,2014-07-09 17:00:00,5924,48,100
138,2014-07-09 18:00:00,5255,48,100
139,2014-07-09 19:00:00,3865,48,100
140,2014-07-09 20:00:00,3878,48,42
141,2014-07-09 21:00:00,3140,48,83
142,2014-07-09 22:00:00,2068,48,100
143,2014-07-09 23:00:00,1329,48,100
144,2014-07-10 00:00:00,800,48,100
145,2014-07-10 01:00:00,492,48,100
146,2014-07-10 02:00:00,510,48,75
147,2014-07-10 03:00:00,414,48,92
148,2014-07-10 04:00:00,658,48,100
149,2014-07-10 05:00:00,1622,48,100
150,2014-07-10 06:00:00,3207,48,100
151,2014-07-10 07:00:00,3893,48,100
152,2014-07-10 08:00:00,4045,48,100
153,2014-07-10 09:00:00,3785,48,100
154,2014-07-10 10:00:00,3899,48,100
155,2014-07-10 11:00:00,4232,48,100
156,2014-07-10 12:00:00,4429,48,100
157,2014-07-10 13:00:00,4843,48,100
158,2014-07-10 14:00:00,6061,48,42
159,2014-07-10 15:00:00,7036,48,67
160,2014-07-10 16:00:00,6415,48,100
161,2014-07-10 17:00:00,6220,48,100
162,2014-07-10 18:00:00,5101,48,100
163,2014-07-10 19:00:00,4077,48,100
164,2014-07-10 20:00:00,3503,48,100
165,2014-07-10 21:00:00,2881,48,100
166,2014-07-10 22:00:00,2233,48,100
167,2014-07-10 23:00:00,1671,48,100
168,2014-07-11 00:00:00,897,48,100
169,2014-07-11 01:00:00,499,48,100
170,2014-07-11 02:00:00,433,48,100
171,2014-07-11 03:00:00,417,48,100
172,2014-07-11 04:00:00,665,48,100
173,2014-07-11 05:00:00,1658,48,100
174,2014-07-11 06:00:00,3015,48,100
175,2014-07-11 07:00:00,3834,48,100
176,2014-07-11 08:00:00,3809,48,100
177,2014-07-11 09:00:00,4096,48,100
178,2014-07-11 10:00:00,4079,48,100
179,2014-07-11 11:00:00,4343,48,92
180,2014-07-11 12:00:00,4788,48,83
181,2014-07-11 13:00:00,5185,48,92
182,2014-07-11 14:00:00,5921,48,100
183,2014-07-11 15:00:00,6685,48,83
184,2014-07-11 16:00:00,6673,48,100
185,2014-07-11 17:00:00,6333,48,100
186,2014-07-11 18:00:00,5192,48,100
187,2014-07-11 19:00:00,4164,48,100
188,2014-07-11 20:00:00,3611,48,100
189,2014-07-11 21:00:00,3141,48,100
190,2014-07-11 22:00:00,2714,48,100
191,2014-07-11 23:00:00,1970,48,100
192,2014-07-14 00:00:00,796,48,100
193,2014-07-14 01:00:00,484,48,100
194,2014-07-14 02:00:00,413,48,100
195,2014-07-14 03:00:00,401,48,100
196,2014-07-14 04:00:00,660,48,100
197,2014-07-14 05:00:00,1644,48,100
198,2014-07-14 06:00:00,3123,48,100
199,2014-07-14 07:00:00,3913,48,100
200,2014-07-14 08:00:00,3678,48,100
201,2014-07-14 09:00:00,3693,48,92
202,2014-07-14 10:00:00,3645,48,92
203,2014-07-14 11:00:00,4102,48,75
204,2014-07-14 12:00:00,4275,48,100
205,2014-07-14 13:00:00,4488,48,100
206,2014-07-14 14:00:00,5439,48,100
207,2014-07-14 15:00:00,6544,48,92
208,2014-07-14 16:00:00,6395,48,92
209,2014-07-14 17:00:00,6658,48,92
210,2014-07-14 18:00:00,4966,48,92
211,2014-07-14 19:00:00,3323,48,100
212,2014-07-14 20:00:00,2854,48,100
213,2014-07-14 21:00:00,2323,48,100
214,2014-07-14 22:00:00,1814,48,100
215,2014-07-14 23:00:00,1132,48,100
216,2014-07-15 00:00:00,664,48,100
217,2014-07-15 01:00:00,413,48,100
218,2014-07-15 02:00:00,310,48,100
219,2014-07-15 03:00:00,368,48,100
220,2014-07-15 04:00:00,631,48,100
221,2014-07-15 05:00:00,1589,48,83
222,2014-07-15 06:00:00,3210,48,100
223,2014-07-15 07:00:00,3915,48,100
224,2014-07-15 08:00:00,3898,48,100
225,2014-07-15 09:00:00,3710,48,100
226,2014-07-15 10:00:00,3683,48,92
227,2014-07-15 11:00:00,4066,48,100
228,2014-07-15 12:00:00,4234,48,83
229,2014-07-15 13:00:00,4724,48,100
230,2014-07-15 14:00:00,5471,48,92
231,2014-07-15 15:00:00,6766,48,100
232,2014-07-15 16:00:00,6760,48,100
233,2014-07-15 17:00:00,6531,48,83
234,2014-07-15 18:00:00,5036,48,100
235,2014-07-15 19:00:00,3722,48,100
236,2014-07-15 20:00:00,2982,48,100
237,2014-07-15 21:00:00,2585,48,100
238,2014-07-15 22:00:00,1966,48,100
239,2014-07-15 23:00:00,1293,48,83
240,2014-07-16 00:00:00,722,48,100
241,2014-07-16 01:00:00,485,48,100
242,2014-07-16 02:00:00,382,48,100
243,2014-07-16 03:00:00,371,48,100
244,2014-07-16 04:00:00,615,48,100
245,2014-07-16 05:00:00,1486,48,92
246,2014-07-16 06:00:00,3211,48,100
247,2014-07-16 07:00:00,4024,48,100
248,2014-07-16 08:00:00,3951,48,75
249,2014-07-16 09:00:00,3531,48,75
250,2014-07-16 10:00:00,3658,48,67
251,2014-07-16 11:00:00,4018,48,92
252,2014-07-16 12:00:00,4345,48,83
253,2014-07-16 13:00:00,4552,48,92
254,2014-07-16 14:00:00,5510,48,92
255,2014-07-16 15:00:00,6167,48,67
256,2014-07-16 16:00:00,6586,48,92
257,2014-07-16 17:00:00,6402,48,100
258,2014-07-16 18:00:00,5168,48,100
259,2014-07-16 19:00:00,3833,48,100
260,2014-07-16 20:00:00,3350,48,100
261,2014-07-16 21:00:00,2936,48,100
262,2014-07-16 22:00:00,2223,48,100
263,2014-07-16 23:00:00,1339,48,100
264,2014-07-17 00:00:00,782,48,92
265,2014-07-17 01:00:00,466,48,100
266,2014-07-17 02:00:00,385,48,92
267,2014-07-17 03:00:00,395,48,83
268,2014-07-17 04:00:00,605,48,100
269,2014-07-17 05:00:00,1616,48,100
270,2014-07-17 06:00:00,3205,48,83
271,2014-07-17 07:00:00,3991,48,92
272,2014-07-17 08:00:00,4054,48,67
273,2014-07-17 09:00:00,3836,48,83
274,2014-07-17 10:00:00,3672,48,75
275,2014-07-17 11:00:00,4294,48,100
276,2014-07-17 12:00:00,4406,48,100
277,2014-07-17 13:00:00,4650,48,100
278,2014-07-17 14:00:00,5620,48,75
279,2014-07-17 15:00:00,6423,48,83
280,2014-07-17 16:00:00,6502,48,67
281,2014-07-17 17:00:00,6421,48,100
282,2014-07-17 18:00:00,5099,48,75
283,2014-07-17 19:00:00,4029,48,83
284,2014-07-17 20:00:00,3485,48,83
285,2014-07-17 21:00:00,3007,48,75
286,2014-07-17 22:00:00,2254,48,92
287,2014-07-17 23:00:00,1375,48,100
288,2014-07-18 00:00:00,820,48,100
289,2014-07-18 01:00:00,493,48,100
290,2014-07-18 02:00:00,415,48,75
291,2014-07-18 03:00:00,421,48,75
292,2014-07-18 04:00:00,618,48,67
293,2014-07-18 05:00:00,1577,48,75
294,2014-07-18 06:00:00,3146,48,92
295,2014-07-18 07:00:00,3845,48,100
296,2014-07-18 08:00:00,3786,48,100
297,2014-07-18 09:00:00,3874,48,100
298,2014-07-18 10:00:00,4077,48,100
299,2014-07-18 11:00:00,4589,48,83
300,2014-07-18 12:00:00,4969,48,100
301,2014-07-18 13:00:00,5220,48,92
302,2014-07-18 14:00:00,6012,48,100
303,2014-07-18 15:00:00,6199,48,100
304,2014-07-18 16:00:00,5965,48,83
305,2014-07-18 17:00:00,6326,48,92
306,2014-07-18 18:00:00,5574,48,83
307,2014-07-18 19:00:00,4379,48,75
308,2014-07-18 20:00:00,3667,48,75
309,2014-07-18 21:00:00,3211,48,75
310,2014-07-18 22:00:00,2865,48,75
311,2014-07-18 23:00:00,2101,48,100
312,2014-07-21 00:00:00,786,48,100
313,2014-07-21 01:00:00,529,48,100
314,2014-07-21 02:00:00,337,48,100
315,2014-07-21 03:00:00,379,48,100
316,2014-07-21 04:00:00,673,48,92
317,2014-07-21 05:00:00,1623,48,100
318,2014-07-21 06:00:00,3134,48,100
319,2014-07-21 07:00:00,3883,48,92
320,2014-07-21 08:00:00,3779,48,83
321,2014-07-21 09:00:00,3650,48,92
322,2014-07-21 10:00:00,3799,48,100
323,2014-07-21 11:00:00,4202,48,100
324,2014-07-21 12:00:00,4366,48,100
325,2014-07-21 13:00:00,4582,48,92
326,2014-07-21 14:00:00,5467,48,100
327,2014-07-21 15:00:00,6666,48,58
328,2014-07-21 16:00:00,6483,48,92
329,2014-07-21 17:00:00,6269,48,92
330,2014-07-21 18:00:00,4603,48,83
331,2014-07-21 19:00:00,3549,48,83
332,2014-07-21 20:00:00,3093,48,100
333,2014-07-21 21:00:00,2465,48,83
334,2014-07-21 22:00:00,2025,48,83
335,2014-07-21 23:00:00,1294,48,92
336,2014-07-22 00:00:00,743,48,100
337,2014-07-22 01:00:00,455,48,100
338,2014-07-22 02:00:00,324,48,100
339,2014-07-22 03:00:00,350,48,83
340,2014-07-22 04:00:00,597,48,100
341,2014-07-22 05:00:00,1513,48,83
342,2014-07-22 06:00:00,3254,48,75
343,2014-07-22 07:00:00,3848,48,92
344,2014-07-22 08:00:00,3866,48,83
345,2014-07-22 09:00:00,3749,48,100
346,2014-07-22 10:00:00,3696,48,83
347,2014-07-22 11:00:00,3967,48,100
348,2014-07-22 12:00:00,4218,48,83
349,2014-07-22 13:00:00,4540,48,83
350,2014-07-22 14:00:00,5426,48,92
351,2014-07-22 15:00:00,6496,48,83
352,2014-07-22 16:00:00,6629,48,92
353,2014-07-22 17:00:00,6448,48,83
354,2014-07-22 18:00:00,4949,48,100
355,2014-07-22 19:00:00,3744,48,100
356,2014-07-22 20:00:00,3096,48,100
357,2014-07-22 21:00:00,2794,48,83
358,2014-07-22 22:00:00,2142,48,75
359,2014-07-22 23:00:00,1357,48,75
360,2014-07-23 00:00:00,765,48,83
361,2014-07-23 01:00:00,472,48,100
362,2014-07-23 02:00:00,349,48,92
363,2014-07-23 03:00:00,383,48,92
364,2014-07-23 04:00:00,596,48,100
365,2014-07-23 05:00:00,1624,48,92
366,2014-07-23 06:00:00,3134,48,100
367,2014-07-23 07:00:00,3990,48,42
368,2014-07-23 08:00:00,3930,48,100
369,2014-07-23 09:00:00,3683,48,83
370,2014-07-23 10:00:00,3672,48,83
371,2014-07-23 11:00:00,3902,48,92
372,2014-07-23 12:00:00,4345,48,100
373,2014-07-23 13:00:00,4398,48,92
374,2014-07-23 14:00:00,5409,48,83
375,2014-07-23 15:00:00,6469,48,92
376,2014-07-23 16:00:00,6554,48,100
377,2014-07-23 17:00:00,6289,48,92
378,2014-07-23 18:00:00,5107,48,83
379,2014-07-23 19:00:00,3935,48,100
380,2014-07-23 20:00:00,3541,48,100
381,2014-07-23 21:00:00,3005,48,100
382,2014-07-23 22:00:00,2143,48,100
383,2014-07-23 23:00:00,1467,48,100
384,2014-07-24 00:00:00,835,48,83
385,2014-07-24 01:00:00,494,48,83
386,2014-07-24 02:00:00,402,48,100
387,2014-07-24 03:00:00,368,48,100
388,2014-07-24 04:00:00,631,48,92
389,2014-07-24 05:00:00,1548,48,75
390,2014-07-24 06:00:00,3062,48,83
391,2014-07-24 07:00:00,3784,48,58
392,2014-07-24 08:00:00,3918,48,100
393,2014-07-24 09:00:00,3726,48,100
394,2014-07-24 10:00:00,3748,48,83
395,2014-07-24 11:00:00,4054,48,83
396,2014-07-24 12:00:00,4504,48,42
397,2014-07-24 13:00:00,4752,48,75
398,2014-07-24 14:00:00,5535,48,92
399,2014-07-24 15:00:00,6562,48,83
400,2014-07-24 16:00:00,6534,48,100
401,2014-07-24 17:00:00,6387,48,100
402,2014-07-24 18:00:00,5145,48,100
403,2014-07-24 19:00:00,3996,48,100
404,2014-07-24 20:00:00,3614,48,100
405,2014-07-24 21:00:00,2979,48,100
406,2014-07-24 22:00:00,2158,48,100
407,2014-07-24 23:00:00,1631,48,100
408,2014-07-25 00:00:00,935,48,100
409,2014-07-25 01:00:00,612,48,100
410,2014-07-25 02:00:00,426,48,100
411,2014-07-25 03:00:00,430,48,100
412,2014-07-25 04:00:00,656,48,100
413,2014-07-25 05:00:00,1606,48,92
414,2014-07-25 06:00:00,2942,48,100
415,2014-07-25 07:00:00,3608,48,100
416,2014-07-25 08:00:00,4107,48,83
417,2014-07-25 09:00:00,4006,48,58
418,2014-07-25 10:00:00,4210,48,75
419,2014-07-25 11:00:00,5172,48,25
420,2014-07-25 12:00:00,5217,48,17
421,2014-07-25 13:00:00,5287,48,83
422,2014-07-25 14:00:00,4708,48,92
423,2014-07-25 15:00:00,6965,48,100
424,2014-07-25 16:00:00,6734,48,92
425,2014-07-25 17:00:00,6378,48,83
426,2014-07-25 18:00:00,5054,48,92
427,2014-07-25 19:00:00,4085,48,83
428,2014-07-25 20:00:00,3604,48,83
429,2014-07-25 21:00:00,3288,48,100
430,2014-07-25 22:00:00,2658,48,100
431,2014-07-25 23:00:00,1992,48,100
432,2014-07-28 00:00:00,1031,48,100
433,2014-07-28 01:00:00,537,48,100
434,2014-07-28 02:00:00,346,48,100
435,2014-07-28 03:00:00,357,48,100
436,2014-07-28 04:00:00,693,48,100
437,2014-07-28 05:00:00,1647,48,92
438,2014-07-28 06:00:00,3161,48,100
439,2014-07-28 07:00:00,3873,48,100
440,2014-07-28 08:00:00,3763,48,100
441,2014-07-28 09:00:00,3614,48,100
442,2014-07-28 10:00:00,3847,48,100
443,2014-07-28 11:00:00,4066,48,100
444,2014-07-28 12:00:00,4247,48,100
445,2014-07-28 13:00:00,4484,48,100
446,2014-07-28 14:00:00,5440,48,92
447,2014-07-28 15:00:00,6618,48,100
448,2014-07-28 16:00:00,6537,48,100
449,2014-07-28 17:00:00,6326,48,100
450,2014-07-28 18:00:00,4686,48,100
451,2014-07-28 19:00:00,3599,48,100
452,2014-07-28 20:00:00,3042,48,100
453,2014-07-28 21:00:00,2555,48,100
454,2014-07-28 22:00:00,1857,48,100
455,2014-07-28 23:00:00,1236,48,100
456,2014-07-29 00:00:00,748,48,100
457,2014-07-29 01:00:00,436,48,100
458,2014-07-29 02:00:00,317,48,100
459,2014-07-29 03:00:00,394,48,100
460,2014-07-29 04:00:00,645,48,83
461,2014-07-29 05:00:00,1646,48,100
462,2014-07-29 06:00:00,3037,48,100
463,2014-07-29 07:00:00,3867,48,100
464,2014-07-29 08:00:00,3749,48,92
465,2014-07-29 09:00:00,3695,48,100
466,2014-07-29 10:00:00,3702,48,100
467,2014-07-29 11:00:00,4026,48,100
468,2014-07-29 12:00:00,4285,48,100
469,2014-07-29 13:00:00,4554,48,92
470,2014-07-29 14:00:00,5353,48,100
471,2014-07-29 15:00:00,6493,48,83
472,2014-07-29 16:00:00,6197,48,92
473,2014-07-29 17:00:00,6199,48,100
474,2014-07-29 18:00:00,4689,48,100
475,2014-07-29 19:00:00,3779,48,100
476,2014-07-29 20:00:00,3146,48,100
477,2014-07-29 21:00:00,2730,48,100
478,2014-07-29 22:00:00,2112,48,100
479,2014-07-29 23:00:00,1391,48,100
480,2014-07-30 00:00:00,788,48,100
481,2014-07-30 01:00:00,460,48,100
482,2014-07-30 02:00:00,363,48,100
483,2014-07-30 03:00:00,356,48,100
484,2014-07-30 04:00:00,691,48,100
485,2014-07-30 05:00:00,1598,48,100
486,2014-07-30 06:00:00,3026,48,100
487,2014-07-30 07:00:00,4055,48,100
488,2014-07-30 08:00:00,3725,48,100
489,2014-07-30 09:00:00,3619,48,100
490,2014-07-30 10:00:00,3679,48,100
491,2014-07-30 11:00:00,4055,48,100
492,2014-07-30 12:00:00,4285,48,92
493,2014-07-30 13:00:00,4613,48,100
494,2014-07-30 14:00:00,5466,48,100
495,2014-07-30 15:00:00,6558,48,100
496,2014-07-30 16:00:00,6464,48,100
497,2014-07-30 17:00:00,6080,48,100
498,2014-07-30 18:00:00,5029,48,100
499,2014-07-30 19:00:00,3914,48,100
500,2014-07-30 20:00:00,3375,48,100
501,2014-07-30 21:00:00,2941,48,100
502,2014-07-30 22:00:00,2361,48,92
503,2014-07-30 23:00:00,1694,48,92
504,2014-07-31 00:00:00,1065,48,100
505,2014-07-31 01:00:00,498,48,100
506,2014-07-31 02:00:00,384,48,100
507,2014-07-31 03:00:00,430,48,100
508,2014-07-31 04:00:00,652,48,100
509,2014-07-31 05:00:00,1631,48,100
510,2014-07-31 06:00:00,3042,48,100
511,2014-07-31 07:00:00,3855,48,100
512,2014-07-31 08:00:00,3875,48,92
513,2014-07-31 09:00:00,3914,48,92
514,2014-07-31 10:00:00,3864,48,100
515,2014-07-31 11:00:00,4306,48,83
516,2014-07-31 12:00:00,4419,48,100
517,2014-07-31 13:00:00,4598,48,100
518,2014-07-31 14:00:00,5650,48,100
519,2014-07-31 15:00:00,6677,48,92
520,2014-07-31 16:00:00,6618,48,100
521,2014-07-31 17:00:00,6386,48,100
522,2014-07-31 18:00:00,5194,48,100
523,2014-07-31 19:00:00,4033,48,100
524,2014-07-31 20:00:00,3637,48,100
525,2014-07-31 21:00:00,3074,48,100
526,2014-07-31 22:00:00,2103,48,100
527,2014-07-31 23:00:00,1500,48,100
528,2014-08-01 00:00:00,895,48,100
529,2014-08-01 01:00:00,563,48,58
530,2014-08-01 02:00:00,479,48,67
531,2014-08-01 03:00:00,409,48,92
532,2014-08-01 04:00:00,691,48,100
533,2014-08-01 05:00:00,1608,48,83
534,2014-08-01 06:00:00,2919,48,92
535,2014-08-01 07:00:00,3851,48,92
536,2014-08-01 08:00:00,3690,48,75
537,2014-08-01 09:00:00,3988,48,100
538,2014-08-01 10:00:00,4165,48,92
539,2014-08-01 11:00:00,4485,48,100
540,2014-08-01 12:00:00,5014,48,83
541,2014-08-01 13:00:00,5220,48,83
542,2014-08-01 14:00:00,6025,48,75
543,2014-08-01 15:00:00,6725,48,92
544,2014-08-01 16:00:00,6573,48,92
545,2014-08-01 17:00:00,6423,48,100
546,2014-08-01 18:00:00,5097,48,92
547,2014-08-01 19:00:00,4296,48,83
548,2014-08-01 20:00:00,3823,48,67
549,2014-08-01 21:00:00,3294,48,83
550,2014-08-01 22:00:00,2786,48,92
551,2014-08-01 23:00:00,2180,48,67
552,2014-08-04 00:00:00,805,48,100
553,2014-08-04 01:00:00,495,48,100
554,2014-08-04 02:00:00,416,48,100
555,2014-08-04 03:00:00,409,48,100
556,2014-08-04 04:00:00,687,48,100
557,2014-08-04 05:00:00,1596,48,100
558,2014-08-04 06:00:00,3107,48,100
559,2014-08-04 07:00:00,3983,48,100
560,2014-08-04 08:00:00,3705,48,100
561,2014-08-04 09:00:00,3713,48,100
562,2014-08-04 10:00:00,3836,48,92
563,2014-08-04 11:00:00,4126,48,100
564,2014-08-04 12:00:00,4427,48,100
565,2014-08-04 13:00:00,4600,48,100
566,2014-08-04 14:00:00,5390,48,100
567,2014-08-04 15:00:00,6442,48,100
568,2014-08-04 16:00:00,6521,48,100
569,2014-08-04 17:00:00,6255,48,100
570,2014-08-04 18:00:00,4726,48,83
571,2014-08-04 19:00:00,3574,48,100
572,2014-08-04 20:00:00,3180,48,100
573,2014-08-04 21:00:00,2601,48,100
574,2014-08-04 22:00:00,1912,48,100
575,2014-08-04 23:00:00,1255,48,100
576,2014-08-05 00:00:00,753,48,100
577,2014-08-05 01:00:00,464,48,100
578,2014-08-05 02:00:00,336,48,100
579,2014-08-05 03:00:00,377,48,100
580,2014-08-05 04:00:00,637,48,100
581,2014-08-05 05:00:00,1634,48,100
582,2014-08-05 06:00:00,3186,48,100
583,2014-08-05 07:00:00,3839,48,100
584,2014-08-05 08:00:00,3668,48,100
585,2014-08-05 09:00:00,3705,48,100
586,2014-08-05 10:00:00,3722,48,100
587,2014-08-05 11:00:00,4078,48,100
588,2014-08-05 12:00:00,4317,48,100
589,2014-08-05 13:00:00,4594,48,100
590,2014-08-05 14:00:00,5497,48,100
591,2014-08-05 15:00:00,6396,48,100
592,2014-08-05 16:00:00,6665,48,100
593,2014-08-05 17:00:00,6368,48,100
594,2014-08-05 18:00:00,5116,48,100
595,2014-08-05 19:00:00,3902,48,100
596,2014-08-05 20:00:00,3327,48,100
597,2014-08-05 21:00:00,2771,48,100
598,2014-08-05 22:00:00,2102,48,100
599,2014-08-05 23:00:00,1329,48,100
600,2014-08-06 00:00:00,852,48,100
601,2014-08-06 01:00:00,456,48,100
602,2014-08-06 02:00:00,336,48,100
603,2014-08-06 03:00:00,380,48,100
604,2014-08-06 04:00:00,626,48,100
605,2014-08-06 05:00:00,1580,48,92
606,2014-08-06 06:00:00,3055,48,100
607,2014-08-06 07:00:00,3844,48,100
608,2014-08-06 08:00:00,3740,48,100
609,2014-08-06 09:00:00,3668,48,100
610,2014-08-06 10:00:00,3704,48,83
611,2014-08-06 11:00:00,4054,48,100
612,2014-08-06 12:00:00,4370,48,100
613,2014-08-06 13:00:00,4503,48,92
614,2014-08-06 14:00:00,5452,48,100
615,2014-08-06 15:00:00,5943,48,100
616,2014-08-06 16:00:00,6435,48,100
617,2014-08-06 17:00:00,6528,48,100
618,2014-08-06 18:00:00,5148,48,100
619,2014-08-06 19:00:00,3904,48,100
620,2014-08-06 20:00:00,3526,48,100
621,2014-08-06 21:00:00,2892,48,100
622,2014-08-06 22:00:00,2030,48,100
623,2014-08-06 23:00:00,1349,48,100
624,2014-08-07 00:00:00,828,48,100
625,2014-08-07 01:00:00,456,48,100
626,2014-08-07 02:00:00,398,48,100
627,2014-08-07 03:00:00,424,48,100
628,2014-08-07 04:00:00,641,48,100
629,2014-08-07 05:00:00,1557,48,100
630,2014-08-07 06:00:00,3068,48,100
631,2014-08-07 07:00:00,3938,48,100
632,2014-08-07 08:00:00,3772,48,100
633,2014-08-07 09:00:00,3793,48,100
634,2014-08-07 10:00:00,3704,48,100
635,2014-08-07 11:00:00,4023,48,100
636,2014-08-07 12:00:00,4326,48,100
637,2014-08-07 13:00:00,4653,48,100
638,2014-08-07 14:00:00,5522,48,100
639,2014-08-07 15:00:00,6579,48,100
640,2014-08-07 16:00:00,6390,48,100
641,2014-08-07 17:00:00,5905,48,100
642,2014-08-07 18:00:00,4897,48,100
643,2014-08-07 19:00:00,3787,48,100
644,2014-08-07 20:00:00,3350,48,100
645,2014-08-07 21:00:00,3015,48,100
646,2014-08-07 22:00:00,2556,48,100
647,2014-08-07 23:00:00,1764,48,100
648,2014-08-08 00:00:00,922,48,100
649,2014-08-08 01:00:00,514,48,100
650,2014-08-08 02:00:00,451,48,100
651,2014-08-08 03:00:00,430,48,100
652,2014-08-08 04:00:00,679,48,100
653,2014-08-08 05:00:00,1567,48,100
654,2014-08-08 06:00:00,3080,48,100
655,2014-08-08 07:00:00,3906,48,100
656,2014-08-08 08:00:00,3778,48,100
657,2014-08-08 09:00:00,3917,48,100
658,2014-08-08 10:00:00,4063,48,100
659,2014-08-08 11:00:00,4448,48,100
660,2014-08-08 12:00:00,4896,48,92
661,2014-08-08 13:00:00,5208,48,100
662,2014-08-08 14:00:00,6162,48,100
663,2014-08-08 15:00:00,6921,48,100
664,2014-08-08 16:00:00,6741,48,100
665,2014-08-08 17:00:00,6399,48,100
666,2014-08-08 18:00:00,5018,48,100
667,2014-08-08 19:00:00,4342,48,100
668,2014-08-08 20:00:00,3824,48,100
669,2014-08-08 21:00:00,3221,48,100
670,2014-08-08 22:00:00,2632,48,100
671,2014-08-08 23:00:00,1919,48,100
672,2014-08-11 00:00:00,752,48,100
673,2014-08-11 01:00:00,497,48,100
674,2014-08-11 02:00:00,377,48,100
675,2014-08-11 03:00:00,407,48,100
676,2014-08-11 04:00:00,711,48,100
677,2014-08-11 05:00:00,1601,48,100
678,2014-08-11 06:00:00,3114,48,100
679,2014-08-11 07:00:00,3853,48,100
680,2014-08-11 08:00:00,3636,48,100
681,2014-08-11 09:00:00,3627,48,100
682,2014-08-11 10:00:00,3697,48,100
683,2014-08-11 11:00:00,3908,48,100
684,2014-08-11 12:00:00,4245,48,100
685,2014-08-11 13:00:00,4394,48,100
686,2014-08-11 14:00:00,5365,48,100
687,2014-08-11 15:00:00,6436,48,100
688,2014-08-11 16:00:00,6628,48,100
689,2014-08-11 17:00:00,6312,48,100
690,2014-08-11 18:00:00,4546,48,100
691,2014-08-11 19:00:00,3492,48,100
692,2014-08-11 20:00:00,2932,48,100
693,2014-08-11 21:00:00,2387,48,100
694,2014-08-11 22:00:00,1908,48,100
695,2014-08-11 23:00:00,1308,48,100
696,2014-08-12 00:00:00,757,48,100
697,2014-08-12 01:00:00,432,48,100
698,2014-08-12 02:00:00,345,48,100
699,2014-08-12 03:00:00,356,48,100
700,2014-08-12 04:00:00,618,48,100
701,2014-08-12 05:00:00,1623,48,100
702,2014-08-12 06:00:00,3166,48,100
703,2014-08-12 07:00:00,3845,48,100
704,2014-08-12 08:00:00,3778,48,100
705,2014-08-12 09:00:00,3684,48,92
706,2014-08-12 10:00:00,3675,48,92
707,2014-08-12 11:00:00,4040,48,100
708,2014-08-12 12:00:00,4176,48,92
709,2014-08-12 13:00:00,4472,48,100
710,2014-08-12 14:00:00,5479,48,100
711,2014-08-12 15:00:00,6445,48,100
712,2014-08-12 16:00:00,6315,48,100
713,2014-08-12 17:00:00,6255,48,100
714,2014-08-12 18:00:00,5160,48,100
715,2014-08-12 19:00:00,3806,48,100
716,2014-08-12 20:00:00,3227,48,100
717,2014-08-12 21:00:00,2691,48,100
718,2014-08-12 22:00:00,2148,48,100
719,2014-08-12 23:00:00,1311,48,100
720,2014-08-13 00:00:00,781,48,100
721,2014-08-13 01:00:00,451,48,100
722,2014-08-13 02:00:00,401,48,100
723,2014-08-13 03:00:00,371,48,100
724,2014-08-13 04:00:00,662,48,100
725,2014-08-13 05:00:00,1562,48,100
726,2014-08-13 06:00:00,3061,48,100
727,2014-08-13 07:00:00,3908,48,100
728,2014-08-13 08:00:00,3825,48,100
729,2014-08-13 09:00:00,3519,48,100
730,2014-08-13 10:00:00,3762,48,100
731,2014-08-13 11:00:00,4023,48,100
732,2014-08-13 12:00:00,4215,48,100
733,2014-08-13 13:00:00,4561,48,100
734,2014-08-13 14:00:00,5351,48,100
735,2014-08-13 15:00:00,6432,48,100
736,2014-08-13 16:00:00,6534,48,100
737,2014-08-13 17:00:00,6512,48,92
738,2014-08-13 18:00:00,4846,48,100
739,2014-08-13 19:00:00,4017,48,100
740,2014-08-13 20:00:00,3438,48,100
741,2014-08-13 21:00:00,2823,48,100
742,2014-08-13 22:00:00,2044,48,100
743,2014-08-13 23:00:00,1233,48,100
744,2014-08-14 00:00:00,802,48,100
745,2014-08-14 01:00:00,480,48,100
746,2014-08-14 02:00:00,373,48,100
747,2014-08-14 03:00:00,377,48,100
748,2014-08-14 04:00:00,627,48,100
749,2014-08-14 05:00:00,1612,48,100
750,2014-08-14 06:00:00,3116,48,100
751,2014-08-14 07:00:00,3866,48,100
752,2014-08-14 08:00:00,4008,48,100
753,2014-08-14 09:00:00,3890,48,100
754,2014-08-14 10:00:00,3724,48,100
755,2014-08-14 11:00:00,4132,48,100
756,2014-08-14 12:00:00,4249,48,100
757,2014-08-14 13:00:00,4577,48,100
758,2014-08-14 14:00:00,5561,48,100
759,2014-08-14 15:00:00,6516,48,100
760,2014-08-14 16:00:00,6712,48,100
761,2014-08-14 17:00:00,6423,48,100
762,2014-08-14 18:00:00,4882,48,100
763,2014-08-14 19:00:00,3918,48,100
764,2014-08-14 20:00:00,3386,48,100
765,2014-08-14 21:00:00,2805,48,100
766,2014-08-14 22:00:00,2146,48,100
767,2014-08-14 23:00:00,1325,48,100
768,2014-08-15 00:00:00,840,48,100
769,2014-08-15 01:00:00,527,48,100
770,2014-08-15 02:00:00,434,48,100
771,2014-08-15 03:00:00,416,48,100
772,2014-08-15 04:00:00,658,48,100
773,2014-08-15 05:00:00,1556,48,100
774,2014-08-15 06:00:00,3048,48,100
775,2014-08-15 07:00:00,3834,48,100
776,2014-08-15 08:00:00,3899,48,100
777,2014-08-15 09:00:00,3990,48,83
778,2014-08-15 10:00:00,4009,48,100
779,2014-08-15 11:00:00,4574,48,100
780,2014-08-15 12:00:00,4788,48,100
781,2014-08-15 13:00:00,5189,48,100
782,2014-08-15 14:00:00,6082,48,100
783,2014-08-15 15:00:00,6868,48,100
784,2014-08-15 16:00:00,6791,48,100
785,2014-08-15 17:00:00,6277,48,92
786,2014-08-15 18:00:00,5146,48,100
787,2014-08-15 19:00:00,4309,48,100
788,2014-08-15 20:00:00,3655,48,100
789,2014-08-15 21:00:00,3187,48,100
790,2014-08-15 22:00:00,2765,48,100
791,2014-08-15 23:00:00,1911,48,100
792,2014-08-18 00:00:00,894,48,100
793,2014-08-18 01:00:00,521,48,100
794,2014-08-18 02:00:00,375,48,100
795,2014-08-18 03:00:00,359,48,100
796,2014-08-18 04:00:00,698,48,100
797,2014-08-18 05:00:00,1571,48,92
798,2014-08-18 06:00:00,3117,48,83
799,2014-08-18 07:00:00,3971,48,100
800,2014-08-18 08:00:00,3976,48,92
801,2014-08-18 09:00:00,3640,48,100
802,2014-08-18 10:00:00,3767,48,100
803,2014-08-18 11:00:00,4105,48,100
804,2014-08-18 12:00:00,4280,48,100
805,2014-08-18 13:00:00,4480,48,100
806,2014-08-18 14:00:00,5487,48,100
807,2014-08-18 15:00:00,6476,48,100
808,2014-08-18 16:00:00,6457,48,100
809,2014-08-18 17:00:00,5900,48,100
810,2014-08-18 18:00:00,4899,48,100
811,2014-08-18 19:00:00,3555,48,100
812,2014-08-18 20:00:00,3014,48,100
813,2014-08-18 21:00:00,2501,48,100
814,2014-08-18 22:00:00,1744,48,100
815,2014-08-18 23:00:00,1140,48,100
816,2014-08-19 00:00:00,729,48,92
817,2014-08-19 01:00:00,376,48,100
818,2014-08-19 02:00:00,318,48,100
819,2014-08-19 03:00:00,334,48,100
820,2014-08-19 04:00:00,623,48,100
821,2014-08-19 05:00:00,1593,48,100
822,2014-08-19 06:00:00,3070,48,100
823,2014-08-19 07:00:00,4016,48,100
824,2014-08-19 08:00:00,4099,48,100
825,2014-08-19 09:00:00,3759,48,100
826,2014-08-19 10:00:00,3722,48,100
827,2014-08-19 11:00:00,3986,48,100
828,2014-08-19 12:00:00,4249,48,100
829,2014-08-19 13:00:00,4486,48,100
830,2014-08-19 14:00:00,5590,48,100
831,2014-08-19 15:00:00,6293,48,100
832,2014-08-19 16:00:00,6612,48,100
833,2014-08-19 17:00:00,6409,48,100
834,2014-08-19 18:00:00,5108,48,100
835,2014-08-19 19:00:00,3859,48,100
836,2014-08-19 20:00:00,3218,48,100
837,2014-08-19 21:00:00,2647,48,100
838,2014-08-19 22:00:00,1869,48,100
839,2014-08-19 23:00:00,1238,48,100
840,2014-08-20 00:00:00,714,48,100
841,2014-08-20 01:00:00,403,48,100
842,2014-08-20 02:00:00,311,48,100
843,2014-08-20 03:00:00,362,48,100
844,2014-08-20 04:00:00,637,48,100
845,2014-08-20 05:00:00,1602,48,100
846,2014-08-20 06:00:00,3134,48,100
847,2014-08-20 07:00:00,4230,48,100
848,2014-08-20 08:00:00,4048,48,100
849,2014-08-20 09:00:00,3500,48,100
850,2014-08-20 10:00:00,3563,48,100
851,2014-08-20 11:00:00,3963,48,100
852,2014-08-20 12:00:00,4284,48,100
853,2014-08-20 13:00:00,4608,48,100
854,2014-08-20 14:00:00,5547,48,100
855,2014-08-20 15:00:00,6288,48,100
856,2014-08-20 16:00:00,6497,48,100
857,2014-08-20 17:00:00,6588,48,100
858,2014-08-20 18:00:00,4709,48,100
859,2014-08-20 19:00:00,3743,48,100
860,2014-08-20 20:00:00,3266,48,100
861,2014-08-20 21:00:00,2801,48,100
862,2014-08-20 22:00:00,1963,48,100
863,2014-08-20 23:00:00,1169,48,100
864,2014-08-21 00:00:00,725,48,100
865,2014-08-21 01:00:00,458,48,100
866,2014-08-21 02:00:00,356,48,100
867,2014-08-21 03:00:00,398,48,100
868,2014-08-21 04:00:00,628,48,100
869,2014-08-21 05:00:00,1558,48,100
870,2014-08-21 06:00:00,3089,48,100
871,2014-08-21 07:00:00,4001,48,100
872,2014-08-21 08:00:00,4101,48,100
873,2014-08-21 09:00:00,3584,48,100
874,2014-08-21 10:00:00,3759,48,100
875,2014-08-21 11:00:00,4135,48,100
876,2014-08-21 12:00:00,4184,48,100
877,2014-08-21 13:00:00,4734,48,100
878,2014-08-21 14:00:00,5638,48,100
879,2014-08-21 15:00:00,6476,48,100
880,2014-08-21 16:00:00,6371,48,100
881,2014-08-21 17:00:00,6245,48,100
882,2014-08-21 18:00:00,4881,48,100
883,2014-08-21 19:00:00,3925,48,100
884,2014-08-21 20:00:00,3358,48,100
885,2014-08-21 21:00:00,2750,48,100
886,2014-08-21 22:00:00,2183,48,100
887,2014-08-21 23:00:00,1393,48,100
888,2014-08-22 00:00:00,867,48,100
889,2014-08-22 01:00:00,525,48,100
890,2014-08-22 02:00:00,403,48,100
891,2014-08-22 03:00:00,386,48,100
892,2014-08-22 04:00:00,631,48,100
893,2014-08-22 05:00:00,1619,48,100
894,2014-08-22 06:00:00,3011,48,100
895,2014-08-22 07:00:00,4039,48,100
896,2014-08-22 08:00:00,3955,48,100
897,2014-08-22 09:00:00,3923,48,100
898,2014-08-22 10:00:00,3955,48,100
899,2014-08-22 11:00:00,4324,48,100
900,2014-08-22 12:00:00,4753,48,100
901,2014-08-22 13:00:00,5190,48,100
902,2014-08-22 14:00:00,5924,48,100
903,2014-08-22 15:00:00,6313,48,100
904,2014-08-22 16:00:00,6855,48,100
905,2014-08-22 17:00:00,6563,48,100
906,2014-08-22 18:00:00,5164,48,100
907,2014-08-22 19:00:00,4581,48,100
908,2014-08-22 20:00:00,3709,48,100
909,2014-08-22 21:00:00,3129,48,100
910,2014-08-22 22:00:00,2667,48,100
911,2014-08-22 23:00:00,1793,48,100
912,2014-08-25 00:00:00,653,48,100
913,2014-08-25 01:00:00,422,48,100
914,2014-08-25 02:00:00,341,48,100
915,2014-08-25 03:00:00,361,48,100
916,2014-08-25 04:00:00,675,48,100
917,2014-08-25 05:00:00,1609,48,100
918,2014-08-25 06:00:00,2962,48,100
919,2014-08-25 07:00:00,4033,48,100
920,2014-08-25 08:00:00,3957,48,100
921,2014-08-25 09:00:00,3656,48,100
922,2014-08-25 10:00:00,3572,48,100
923,2014-08-25 11:00:00,4019,48,92
924,2014-08-25 12:00:00,4248,48,100
925,2014-08-25 13:00:00,4417,48,100
926,2014-08-25 14:00:00,5504,48,100
927,2014-08-25 15:00:00,6401,48,100
928,2014-08-25 16:00:00,6387,48,100
929,2014-08-25 17:00:00,6144,48,100
930,2014-08-25 18:00:00,4581,48,100
931,2014-08-25 19:00:00,3431,48,100
932,2014-08-25 20:00:00,2890,48,100
933,2014-08-25 21:00:00,2491,48,100
934,2014-08-25 22:00:00,1806,48,100
935,2014-08-25 23:00:00,1208,48,100
936,2014-08-26 00:00:00,711,48,100
937,2014-08-26 01:00:00,383,48,100
938,2014-08-26 02:00:00,301,48,100
939,2014-08-26 03:00:00,394,48,100
940,2014-08-26 04:00:00,643,48,100
941,2014-08-26 05:00:00,1565,48,100
942,2014-08-26 06:00:00,2986,48,100
943,2014-08-26 07:00:00,3912,48,100
944,2014-08-26 08:00:00,4196,48,100
945,2014-08-26 09:00:00,3634,48,100
946,2014-08-26 10:00:00,3721,48,100
947,2014-08-26 11:00:00,3925,48,100
948,2014-08-26 12:00:00,4262,48,100
949,2014-08-26 13:00:00,4578,48,92
950,2014-08-26 14:00:00,5542,48,100
951,2014-08-26 15:00:00,6514,48,100
952,2014-08-26 16:00:00,6634,48,100
953,2014-08-26 17:00:00,6336,48,100
954,2014-08-26 18:00:00,4875,48,100
955,2014-08-26 19:00:00,3775,48,100
956,2014-08-26 20:00:00,3114,48,100
957,2014-08-26 21:00:00,2658,48,100
958,2014-08-26 22:00:00,1962,48,100
959,2014-08-26 23:00:00,1239,48,100
960,2014-08-27 00:00:00,692,48,100
961,2014-08-27 01:00:00,415,48,100
962,2014-08-27 02:00:00,347,48,100
963,2014-08-27 03:00:00,353,48,100
964,2014-08-27 04:00:00,644,48,100
965,2014-08-27 05:00:00,1636,48,100
966,2014-08-27 06:00:00,3081,48,100
967,2014-08-27 07:00:00,4158,48,83
968,2014-08-27 08:00:00,4028,48,100
969,2014-08-27 09:00:00,3731,48,67
970,2014-08-27 10:00:00,3782,48,100
971,2014-08-27 11:00:00,3985,48,92
972,2014-08-27 12:00:00,4267,48,100
973,2014-08-27 13:00:00,4475,48,75
974,2014-08-27 14:00:00,5517,48,100
975,2014-08-27 15:00:00,6430,48,100
976,2014-08-27 16:00:00,6556,48,100
977,2014-08-27 17:00:00,6222,48,100
978,2014-08-27 18:00:00,4797,48,100
979,2014-08-27 19:00:00,3946,48,100
980,2014-08-27 20:00:00,3309,48,100
981,2014-08-27 21:00:00,2848,48,100
982,2014-08-27 22:00:00,2069,48,92
983,2014-08-27 23:00:00,1368,48,100
984,2014-08-28 00:00:00,727,48,100
985,2014-08-28 01:00:00,416,48,100
986,2014-08-28 02:00:00,348,48,100
987,2014-08-28 03:00:00,381,48,100
988,2014-08-28 04:00:00,653,48,100
989,2014-08-28 05:00:00,1659,48,100
990,2014-08-28 06:00:00,3061,48,100
991,2014-08-28 07:00:00,4107,48,100
992,2014-08-28 08:00:00,4284,48,100
993,2014-08-28 09:00:00,3858,48,100
994,2014-08-28 10:00:00,3749,48,100
995,2014-08-28 11:00:00,4059,48,100
996,2014-08-28 12:00:00,4325,48,100
997,2014-08-28 13:00:00,4722,48,100
998,2014-08-28 14:00:00,5767,48,100
999,2014-08-28 15:00:00,6415,48,100
1000,2014-08-28 16:00:00,6628,48,58
1001,2014-08-28 17:00:00,6129,48,50
1002,2014-08-28 18:00:00,4754,48,92
1003,2014-08-28 19:00:00,4013,48,100
1004,2014-08-28 20:00:00,3378,48,100
1005,2014-08-28 21:00:00,2959,48,100
1006,2014-08-28 22:00:00,2450,48,100
1007,2014-08-28 23:00:00,1580,48,100
1008,2014-08-29 00:00:00,808,48,100
1009,2014-08-29 01:00:00,513,48,100
1010,2014-08-29 02:00:00,421,48,100
1011,2014-08-29 03:00:00,408,48,100
1012,2014-08-29 04:00:00,699,48,100
1013,2014-08-29 05:00:00,1635,48,100
1014,2014-08-29 06:00:00,3086,48,100
1015,2014-08-29 07:00:00,4209,48,100
1016,2014-08-29 08:00:00,4029,48,100
1017,2014-08-29 09:00:00,3863,48,100
1018,2014-08-29 10:00:00,4166,48,100
1019,2014-08-29 11:00:00,4622,48,100
1020,2014-08-29 12:00:00,5005,48,100
1021,2014-08-29 13:00:00,5425,48,100
1022,2014-08-29 14:00:00,6447,48,92
1023,2014-08-29 15:00:00,6818,48,100
1024,2014-08-29 16:00:00,6705,48,100
1025,2014-08-29 17:00:00,6184,48,100
1026,2014-08-29 18:00:00,5040,48,100
1027,2014-08-29 19:00:00,4362,48,100
1028,2014-08-29 20:00:00,3606,48,100
1029,2014-08-29 21:00:00,3120,48,100
1030,2014-08-29 22:00:00,2698,48,100
1031,2014-08-29 23:00:00,2079,48,100
1032,2014-09-02 00:00:00,603,48,92
1033,2014-09-02 01:00:00,375,48,100
1034,2014-09-02 02:00:00,302,48,100
1035,2014-09-02 03:00:00,362,48,100
1036,2014-09-02 04:00:00,591,48,100
1037,2014-09-02 05:00:00,1614,48,100
1038,2014-09-02 06:00:00,3132,48,100
1039,2014-09-02 07:00:00,4189,48,100
1040,2014-09-02 08:00:00,4249,48,100
1041,2014-09-02 09:00:00,3992,48,100
1042,2014-09-02 10:00:00,3759,48,100
1043,2014-09-02 11:00:00,4027,48,100
1044,2014-09-02 12:00:00,4383,48,100
1045,2014-09-02 13:00:00,4603,48,100
1046,2014-09-02 14:00:00,5829,48,100
1047,2014-09-02 15:00:00,6204,48,100
1048,2014-09-02 16:00:00,6534,48,100
1049,2014-09-02 17:00:00,6348,48,100
1050,2014-09-02 18:00:00,4331,48,100
1051,2014-09-02 19:00:00,3996,48,100
1052,2014-09-02 20:00:00,2913,48,100
1053,2014-09-02 21:00:00,2487,48,100
1054,2014-09-02 22:00:00,1865,48,100
1055,2014-09-02 23:00:00,1186,48,100
1056,2014-09-03 00:00:00,665,48,100
1057,2014-09-03 01:00:00,380,48,100
1058,2014-09-03 02:00:00,316,48,100
1059,2014-09-03 03:00:00,395,48,100
1060,2014-09-03 04:00:00,628,48,100
1061,2014-09-03 05:00:00,1542,48,100
1062,2014-09-03 06:00:00,3086,48,83
1063,2014-09-03 07:00:00,4215,48,100
1064,2014-09-03 08:00:00,4212,48,100
1065,2014-09-03 09:00:00,3682,48,100
1066,2014-09-03 10:00:00,3641,48,100
1067,2014-09-03 11:00:00,3827,48,100
1068,2014-09-03 12:00:00,4308,48,100
1069,2014-09-03 13:00:00,4562,48,100
1070,2014-09-03 14:00:00,5419,48,100
1071,2014-09-03 15:00:00,6500,48,100
1072,2014-09-03 16:00:00,6586,48,100
1073,2014-09-03 17:00:00,6343,48,100
1074,2014-09-03 18:00:00,4989,48,100
1075,2014-09-03 19:00:00,3961,48,100
1076,2014-09-03 20:00:00,3180,48,100
1077,2014-09-03 21:00:00,2742,48,100
1078,2014-09-03 22:00:00,1896,48,100
1079,2014-09-03 23:00:00,1161,48,100
1080,2014-09-04 00:00:00,653,48,100
1081,2014-09-04 01:00:00,397,48,100
1082,2014-09-04 02:00:00,344,48,100
1083,2014-09-04 03:00:00,362,48,100
1084,2014-09-04 04:00:00,617,48,100
1085,2014-09-04 05:00:00,1561,48,100
1086,2014-09-04 06:00:00,3139,48,100
1087,2014-09-04 07:00:00,4174,48,100
1088,2014-09-04 08:00:00,4353,48,100
1089,2014-09-04 09:00:00,3721,48,100
1090,2014-09-04 10:00:00,3716,48,100
1091,2014-09-04 11:00:00,4054,48,100
1092,2014-09-04 12:00:00,4162,48,100
1093,2014-09-04 13:00:00,4632,48,100
1094,2014-09-04 14:00:00,5758,48,100
1095,2014-09-04 15:00:00,6429,48,100
1096,2014-09-04 16:00:00,6608,48,100
1097,2014-09-04 17:00:00,6451,48,100
1098,2014-09-04 18:00:00,5144,48,100
1099,2014-09-04 19:00:00,3905,48,100
1100,2014-09-04 20:00:00,3159,48,100
1101,2014-09-04 21:00:00,2653,48,100
1102,2014-09-04 22:00:00,1971,48,100
1103,2014-09-04 23:00:00,1234,48,100
1104,2014-09-05 00:00:00,723,48,100
1105,2014-09-05 01:00:00,469,48,100
1106,2014-09-05 02:00:00,373,48,100
1107,2014-09-05 03:00:00,408,48,100
1108,2014-09-05 04:00:00,665,48,100
1109,2014-09-05 05:00:00,1568,48,100
1110,2014-09-05 06:00:00,3067,48,100
1111,2014-09-05 07:00:00,4284,48,100
1112,2014-09-05 08:00:00,4061,48,83
1113,2014-09-05 09:00:00,3772,48,100
1114,2014-09-05 10:00:00,3971,48,100
1115,2014-09-05 11:00:00,4430,48,75
1116,2014-09-05 12:00:00,4692,48,100
1117,2014-09-05 13:00:00,5212,48,92
1118,2014-09-05 14:00:00,6007,48,100
1119,2014-09-05 15:00:00,6875,48,100
1120,2014-09-05 16:00:00,6433,48,100
1121,2014-09-05 17:00:00,6457,48,100
1122,2014-09-05 18:00:00,5386,48,100
1123,2014-09-05 19:00:00,4417,48,100
1124,2014-09-05 20:00:00,3538,48,100
1125,2014-09-05 21:00:00,2935,48,100
1126,2014-09-05 22:00:00,2464,48,100
1127,2014-09-05 23:00:00,1698,48,100
1128,2014-09-08 00:00:00,691,48,100
1129,2014-09-08 01:00:00,399,48,100
1130,2014-09-08 02:00:00,319,48,100
1131,2014-09-08 03:00:00,384,48,100
1132,2014-09-08 04:00:00,652,48,100
1133,2014-09-08 05:00:00,1601,48,100
1134,2014-09-08 06:00:00,3095,48,100
1135,2014-09-08 07:00:00,4150,48,100
1136,2014-09-08 08:00:00,4233,48,100
1137,2014-09-08 09:00:00,3704,48,100
1138,2014-09-08 10:00:00,3709,48,100
1139,2014-09-08 11:00:00,3901,48,100
1140,2014-09-08 12:00:00,4034,48,100
1141,2014-09-08 13:00:00,4435,48,83
1142,2014-09-08 14:00:00,5348,48,100
1143,2014-09-08 15:00:00,6159,48,100
1144,2014-09-08 16:00:00,6318,48,100
1145,2014-09-08 17:00:00,5931,48,100
1146,2014-09-08 18:00:00,4984,48,100
1147,2014-09-08 19:00:00,3537,48,92
1148,2014-09-08 20:00:00,2561,48,100
1149,2014-09-08 21:00:00,2197,48,100
1150,2014-09-08 22:00:00,1857,48,100
1151,2014-09-08 23:00:00,1209,48,100
1152,2014-09-09 00:00:00,642,48,100
1153,2014-09-09 01:00:00,390,48,100
1154,2014-09-09 02:00:00,311,48,100
1155,2014-09-09 03:00:00,360,48,100
1156,2014-09-09 04:00:00,615,48,100
1157,2014-09-09 05:00:00,1501,48,92
1158,2014-09-09 06:00:00,3100,48,100
1159,2014-09-09 07:00:00,4227,48,100
1160,2014-09-09 08:00:00,4179,48,100
1161,2014-09-09 09:00:00,3827,48,100
1162,2014-09-09 10:00:00,3592,48,100
1163,2014-09-09 11:00:00,3969,48,100
1164,2014-09-09 12:00:00,4210,48,100
1165,2014-09-09 13:00:00,4552,48,100
1166,2014-09-09 14:00:00,5565,48,100
1167,2014-09-09 15:00:00,6344,48,100
1168,2014-09-09 16:00:00,6566,48,100
1169,2014-09-09 17:00:00,6348,48,100
1170,2014-09-09 18:00:00,5006,48,100
1171,2014-09-09 19:00:00,3783,48,100
1172,2014-09-09 20:00:00,3061,48,100
1173,2014-09-09 21:00:00,2506,48,100
1174,2014-09-09 22:00:00,1733,48,92
1175,2014-09-09 23:00:00,1087,48,100
1176,2014-09-10 00:00:00,665,48,100
1177,2014-09-10 01:00:00,377,48,100
1178,2014-09-10 02:00:00,336,48,100
1179,2014-09-10 03:00:00,389,48,100
1180,2014-09-10 04:00:00,591,48,100
1181,2014-09-10 05:00:00,1546,48,100
1182,2014-09-10 06:00:00,3088,48,100
1183,2014-09-10 07:00:00,4197,48,100
1184,2014-09-10 08:00:00,4283,48,100
1185,2014-09-10 09:00:00,3665,48,100
1186,2014-09-10 10:00:00,3631,48,100
1187,2014-09-10 11:00:00,4042,48,100
1188,2014-09-10 12:00:00,4270,48,100
1189,2014-09-10 13:00:00,4593,48,100
1190,2014-09-10 14:00:00,5427,48,100
1191,2014-09-10 15:00:00,6328,48,100
1192,2014-09-10 16:00:00,6455,48,100
1193,2014-09-10 17:00:00,6408,48,100
1194,2014-09-10 18:00:00,5200,48,100
1195,2014-09-10 19:00:00,3997,48,100
1196,2014-09-10 20:00:00,3172,48,100
1197,2014-09-10 21:00:00,2581,48,100
1198,2014-09-10 22:00:00,1872,48,100
1199,2014-09-10 23:00:00,1173,48,100
1200,2014-09-11 00:00:00,705,48,100
1201,2014-09-11 01:00:00,388,48,100
1202,2014-09-11 02:00:00,354,48,100
1203,2014-09-11 03:00:00,379,48,100
1204,2014-09-11 04:00:00,662,48,100
1205,2014-09-11 05:00:00,1548,48,100
1206,2014-09-11 06:00:00,3049,48,100
1207,2014-09-11 07:00:00,4099,48,100
1208,2014-09-11 08:00:00,4062,48,100
1209,2014-09-11 09:00:00,3728,48,100
1210,2014-09-11 10:00:00,3848,48,100
1211,2014-09-11 11:00:00,3863,48,100
1212,2014-09-11 12:00:00,4305,48,100
1213,2014-09-11 13:00:00,4534,48,100
1214,2014-09-11 14:00:00,5629,48,100
1215,2014-09-11 15:00:00,6415,48,100
1216,2014-09-11 16:00:00,6565,48,100
1217,2014-09-11 17:00:00,6363,48,75
1218,2014-09-11 18:00:00,4887,48,100
1219,2014-09-11 19:00:00,3898,48,100
1220,2014-09-11 20:00:00,3114,48,100
1221,2014-09-11 21:00:00,2546,48,100
1222,2014-09-11 22:00:00,1852,48,100
1223,2014-09-11 23:00:00,1341,48,100
1224,2014-09-12 00:00:00,682,48,100
1225,2014-09-12 01:00:00,454,48,100
1226,2014-09-12 02:00:00,385,48,100
1227,2014-09-12 03:00:00,385,48,100
1228,2014-09-12 04:00:00,664,48,100
1229,2014-09-12 05:00:00,1599,48,100
1230,2014-09-12 06:00:00,3062,48,92
1231,2014-09-12 07:00:00,4190,48,100
1232,2014-09-12 08:00:00,4255,48,92
1233,2014-09-12 09:00:00,3757,48,92
1234,2014-09-12 10:00:00,4015,48,100
1235,2014-09-12 11:00:00,4218,48,100
1236,2014-09-12 12:00:00,4744,48,100
1237,2014-09-12 13:00:00,5104,48,100
1238,2014-09-12 14:00:00,5980,48,100
1239,2014-09-12 15:00:00,6779,48,100
1240,2014-09-12 16:00:00,6665,48,100
1241,2014-09-12 17:00:00,6416,48,100
1242,2014-09-12 18:00:00,5504,48,100
1243,2014-09-12 19:00:00,4429,48,100
1244,2014-09-12 20:00:00,3480,48,100
1245,2014-09-12 21:00:00,3015,48,100
1246,2014-09-12 22:00:00,2452,48,100
1247,2014-09-12 23:00:00,1776,48,100
1248,2014-09-15 00:00:00,629,48,100
1249,2014-09-15 01:00:00,418,48,100
1250,2014-09-15 02:00:00,361,48,100
1251,2014-09-15 03:00:00,390,48,100
1252,2014-09-15 04:00:00,683,48,100
1253,2014-09-15 05:00:00,1576,48,100
1254,2014-09-15 06:00:00,3123,48,100
1255,2014-09-15 07:00:00,4235,48,100
1256,2014-09-15 08:00:00,4192,48,100
1257,2014-09-15 09:00:00,3620,48,100
1258,2014-09-15 10:00:00,3773,48,100
1259,2014-09-15 11:00:00,3783,48,100
1260,2014-09-15 12:00:00,4284,48,100
1261,2014-09-15 13:00:00,4560,48,100
1262,2014-09-15 14:00:00,5563,48,100
1263,2014-09-15 15:00:00,6367,48,92
1264,2014-09-15 16:00:00,6344,48,100
1265,2014-09-15 17:00:00,6126,48,83
1266,2014-09-15 18:00:00,4611,48,100
1267,2014-09-15 19:00:00,3647,48,100
1268,2014-09-15 20:00:00,2812,48,100
1269,2014-09-15 21:00:00,2428,48,100
1270,2014-09-15 22:00:00,1747,48,100
1271,2014-09-15 23:00:00,1138,48,100
1272,2014-09-16 00:00:00,678,48,100
1273,2014-09-16 01:00:00,371,48,100
1274,2014-09-16 02:00:00,294,48,92
1275,2014-09-16 03:00:00,361,48,92
1276,2014-09-16 04:00:00,690,48,100
1277,2014-09-16 05:00:00,1600,48,100
1278,2014-09-16 06:00:00,3155,48,100
1279,2014-09-16 07:00:00,4119,48,100
1280,2014-09-16 08:00:00,4320,48,100
1281,2014-09-16 09:00:00,3886,48,92
1282,2014-09-16 10:00:00,3644,48,83
1283,2014-09-16 11:00:00,4025,48,92
1284,2014-09-16 12:00:00,4235,48,92
1285,2014-09-16 13:00:00,4511,48,100
1286,2014-09-16 14:00:00,5864,48,83
1287,2014-09-16 15:00:00,6155,48,100
1288,2014-09-16 16:00:00,6618,48,100
1289,2014-09-16 17:00:00,6142,48,100
1290,2014-09-16 18:00:00,4774,48,100
1291,2014-09-16 19:00:00,3789,48,100
1292,2014-09-16 20:00:00,3000,48,100
1293,2014-09-16 21:00:00,2592,48,100
1294,2014-09-16 22:00:00,1802,48,92
1295,2014-09-16 23:00:00,1913,48,25
1296,2014-09-17 00:00:00,1310,48,8
1297,2014-09-17 01:00:00,437,48,100
1298,2014-09-17 02:00:00,331,48,100
1299,2014-09-17 03:00:00,389,48,100
1300,2014-09-17 04:00:00,643,48,100
1301,2014-09-17 05:00:00,1599,48,100
1302,2014-09-17 06:00:00,3110,48,100
1303,2014-09-17 07:00:00,4098,48,100
1304,2014-09-17 08:00:00,4255,48,100
1305,2014-09-17 09:00:00,3643,48,100
1306,2014-09-17 10:00:00,3654,48,100
1307,2014-09-17 11:00:00,3929,48,100
1308,2014-09-17 12:00:00,4144,48,92
1309,2014-09-17 13:00:00,4442,48,100
1310,2014-09-17 14:00:00,5456,48,92
1311,2014-09-17 15:00:00,6318,48,100
1312,2014-09-17 16:00:00,6458,48,83
1313,2014-09-17 17:00:00,6192,48,83
1314,2014-09-17 18:00:00,5075,48,100
1315,2014-09-17 19:00:00,3932,48,100
1316,2014-09-17 20:00:00,3080,48,100
1317,2014-09-17 21:00:00,2726,48,75
1318,2014-09-17 22:00:00,1956,48,92
1319,2014-09-17 23:00:00,1182,48,100
1320,2014-09-18 00:00:00,699,48,100
1321,2014-09-18 01:00:00,452,48,100
1322,2014-09-18 02:00:00,368,48,100
1323,2014-09-18 03:00:00,386,48,100
1324,2014-09-18 04:00:00,670,48,100
1325,2014-09-18 05:00:00,1602,48,100
1326,2014-09-18 06:00:00,3072,48,100
1327,2014-09-18 07:00:00,4146,48,100
1328,2014-09-18 08:00:00,4260,48,100
1329,2014-09-18 09:00:00,3709,48,100
1330,2014-09-18 10:00:00,3653,48,100
1331,2014-09-18 11:00:00,3863,48,100
1332,2014-09-18 12:00:00,4146,48,100
1333,2014-09-18 13:00:00,4574,48,100
1334,2014-09-18 14:00:00,5769,48,92
1335,2014-09-18 15:00:00,6419,48,100
1336,2014-09-18 16:00:00,6674,48,100
1337,2014-09-18 17:00:00,6316,48,100
1338,2014-09-18 18:00:00,5122,48,100
1339,2014-09-18 19:00:00,3955,48,100
1340,2014-09-18 20:00:00,3181,48,100
1341,2014-09-18 21:00:00,2750,48,100
1342,2014-09-18 22:00:00,2028,48,100
1343,2014-09-18 23:00:00,1307,48,100
1344,2014-09-19 00:00:00,828,48,100
1345,2014-09-19 01:00:00,475,48,100
1346,2014-09-19 02:00:00,406,48,100
1347,2014-09-19 03:00:00,393,48,100
1348,2014-09-19 04:00:00,710,48,100
1349,2014-09-19 05:00:00,1650,48,100
1350,2014-09-19 06:00:00,2881,48,100
1351,2014-09-19 07:00:00,4206,48,100
1352,2014-09-19 08:00:00,4150,48,100
1353,2014-09-19 09:00:00,3882,48,100
1354,2014-09-19 10:00:00,4031,48,100
1355,2014-09-19 11:00:00,4468,48,100
1356,2014-09-19 12:00:00,4802,48,100
1357,2014-09-19 13:00:00,5174,48,100
1358,2014-09-19 14:00:00,6037,48,100
1359,2014-09-19 15:00:00,6910,48,100
1360,2014-09-19 16:00:00,6533,48,100
1361,2014-09-19 17:00:00,6418,48,100
1362,2014-09-19 18:00:00,5120,48,100
1363,2014-09-19 19:00:00,4322,48,100
1364,2014-09-19 20:00:00,3409,48,100
1365,2014-09-19 21:00:00,3055,48,100
1366,2014-09-19 22:00:00,2770,48,100
1367,2014-09-19 23:00:00,1845,48,100
1368,2014-09-22 00:00:00,607,48,100
1369,2014-09-22 01:00:00,409,48,100
1370,2014-09-22 02:00:00,331,48,100
1371,2014-09-22 03:00:00,384,48,100
1372,2014-09-22 04:00:00,657,48,100
1373,2014-09-22 05:00:00,1614,48,100
1374,2014-09-22 06:00:00,3097,48,100
1375,2014-09-22 07:00:00,4189,48,100
1376,2014-09-22 08:00:00,4263,48,100
1377,2014-09-22 09:00:00,3578,48,92
1378,2014-09-22 10:00:00,3628,48,100
1379,2014-09-22 11:00:00,3870,48,92
1380,2014-09-22 12:00:00,4144,48,100
1381,2014-09-22 13:00:00,4516,48,83
1382,2014-09-22 14:00:00,5438,48,100
1383,2014-09-22 15:00:00,6436,48,92
1384,2014-09-22 16:00:00,6374,48,100
1385,2014-09-22 17:00:00,6292,48,100
1386,2014-09-22 18:00:00,4562,48,100
1387,2014-09-22 19:00:00,3465,48,92
1388,2014-09-22 20:00:00,2653,48,100
1389,2014-09-22 21:00:00,2269,48,100
1390,2014-09-22 22:00:00,1784,48,100
1391,2014-09-22 23:00:00,1081,48,100
1392,2014-09-23 00:00:00,600,48,100
1393,2014-09-23 01:00:00,423,48,100
1394,2014-09-23 02:00:00,273,48,100
1395,2014-09-23 03:00:00,351,48,100
1396,2014-09-23 04:00:00,646,48,100
1397,2014-09-23 05:00:00,1632,48,83
1398,2014-09-23 06:00:00,3096,48,100
1399,2014-09-23 07:00:00,4219,48,100
1400,2014-09-23 08:00:00,4312,48,100
1401,2014-09-23 09:00:00,3724,48,100
1402,2014-09-23 10:00:00,3608,48,100
1403,2014-09-23 11:00:00,3987,48,100
1404,2014-09-23 12:00:00,4166,48,100
1405,2014-09-23 13:00:00,4562,48,100
1406,2014-09-23 14:00:00,5719,48,92
1407,2014-09-23 15:00:00,6492,48,100
1408,2014-09-23 16:00:00,6441,48,100
1409,2014-09-23 17:00:00,6345,48,100
1410,2014-09-23 18:00:00,4964,48,83
1411,2014-09-23 19:00:00,3831,48,100
1412,2014-09-23 20:00:00,2898,48,100
1413,2014-09-23 21:00:00,2465,48,100
1414,2014-09-23 22:00:00,1865,48,100
1415,2014-09-23 23:00:00,1313,48,83
1416,2014-09-24 00:00:00,673,48,100
1417,2014-09-24 01:00:00,389,48,100
1418,2014-09-24 02:00:00,305,48,100
1419,2014-09-24 03:00:00,366,48,100
1420,2014-09-24 04:00:00,672,48,67
1421,2014-09-24 05:00:00,1560,48,100
1422,2014-09-24 06:00:00,3001,48,92
1423,2014-09-24 07:00:00,4169,48,92
1424,2014-09-24 08:00:00,4390,48,100
1425,2014-09-24 09:00:00,3752,48,100
1426,2014-09-24 10:00:00,3615,48,100
1427,2014-09-24 11:00:00,4013,48,92
1428,2014-09-24 12:00:00,4260,48,100
1429,2014-09-24 13:00:00,4614,48,75
1430,2014-09-24 14:00:00,5700,48,92
1431,2014-09-24 15:00:00,6352,48,100
1432,2014-09-24 16:00:00,6497,48,100
1433,2014-09-24 17:00:00,6291,48,100
1434,2014-09-24 18:00:00,5051,48,100
1435,2014-09-24 19:00:00,3891,48,100
1436,2014-09-24 20:00:00,3143,48,100
1437,2014-09-24 21:00:00,2724,48,100
1438,2014-09-24 22:00:00,2106,48,100
1439,2014-09-24 23:00:00,1228,48,100
1440,2014-09-25 00:00:00,719,48,100
1441,2014-09-25 01:00:00,423,48,100
1442,2014-09-25 02:00:00,335,48,100
1443,2014-09-25 03:00:00,380,48,100
1444,2014-09-25 04:00:00,634,48,100
1445,2014-09-25 05:00:00,1608,48,100
1446,2014-09-25 06:00:00,3019,48,100
1447,2014-09-25 07:00:00,4212,48,100
1448,2014-09-25 08:00:00,4345,48,100
1449,2014-09-25 09:00:00,3871,48,75
1450,2014-09-25 10:00:00,3611,48,75
1451,2014-09-25 11:00:00,4001,48,83
1452,2014-09-25 12:00:00,4268,48,100
1453,2014-09-25 13:00:00,4705,48,100
1454,2014-09-25 14:00:00,5640,48,100
1455,2014-09-25 15:00:00,6582,48,83
1456,2014-09-25 16:00:00,6617,48,100
1457,2014-09-25 17:00:00,6196,48,100
1458,2014-09-25 18:00:00,5013,48,100
1459,2014-09-25 19:00:00,3850,48,100
1460,2014-09-25 20:00:00,3046,48,100
1461,2014-09-25 21:00:00,2543,48,100
1462,2014-09-25 22:00:00,2121,48,100
1463,2014-09-25 23:00:00,1525,48,100
1464,2014-09-26 00:00:00,1005,48,100
1465,2014-09-26 01:00:00,458,48,100
1466,2014-09-26 02:00:00,370,48,100
1467,2014-09-26 03:00:00,405,48,100
1468,2014-09-26 04:00:00,684,48,100
1469,2014-09-26 05:00:00,1627,48,100
1470,2014-09-26 06:00:00,3074,48,100
1471,2014-09-26 07:00:00,4162,48,92
1472,2014-09-26 08:00:00,4160,48,100
1473,2014-09-26 09:00:00,3832,48,100
1474,2014-09-26 10:00:00,4072,48,92
1475,2014-09-26 11:00:00,4428,48,100
1476,2014-09-26 12:00:00,4883,48,100
1477,2014-09-26 13:00:00,5340,48,100
1478,2014-09-26 14:00:00,6139,48,100
1479,2014-09-26 15:00:00,6827,48,83
1480,2014-09-26 16:00:00,6471,48,92
1481,2014-09-26 17:00:00,6352,48,100
1482,2014-09-26 18:00:00,5496,48,75
1483,2014-09-26 19:00:00,4297,48,100
1484,2014-09-26 20:00:00,3439,48,100
1485,2014-09-26 21:00:00,3044,48,100
1486,2014-09-26 22:00:00,2448,48,100
1487,2014-09-26 23:00:00,1696,48,83
1488,2014-09-29 00:00:00,1154,48,100
1489,2014-09-29 01:00:00,509,48,100
1490,2014-09-29 02:00:00,372,48,92
1491,2014-09-29 03:00:00,376,48,100
1492,2014-09-29 04:00:00,746,48,92
1493,2014-09-29 05:00:00,1618,48,100
1494,2014-09-29 06:00:00,3114,48,100
1495,2014-09-29 07:00:00,4227,48,100
1496,2014-09-29 08:00:00,4058,48,100
1497,2014-09-29 09:00:00,3514,48,100
1498,2014-09-29 10:00:00,3675,48,100
1499,2014-09-29 11:00:00,3940,48,100
1500,2014-09-29 12:00:00,4004,48,100
1501,2014-09-29 13:00:00,4433,48,83
1502,2014-09-29 14:00:00,5531,48,100
1503,2014-09-29 15:00:00,6348,48,100
1504,2014-09-29 16:00:00,6482,48,83
1505,2014-09-29 17:00:00,6299,48,83
1506,2014-09-29 18:00:00,4805,48,92
1507,2014-09-29 19:00:00,3562,48,92
1508,2014-09-29 20:00:00,2569,48,100
1509,2014-09-29 21:00:00,2223,48,83
1510,2014-09-29 22:00:00,1630,48,92
1511,2014-09-29 23:00:00,1098,48,100
1512,2014-09-30 00:00:00,673,48,100
1513,2014-09-30 01:00:00,381,48,100
1514,2014-09-30 02:00:00,278,48,100
1515,2014-09-30 03:00:00,353,48,100
1516,2014-09-30 04:00:00,652,48,100
1517,2014-09-30 05:00:00,1595,48,100
1518,2014-09-30 06:00:00,3097,48,100
1519,2014-09-30 07:00:00,4212,48,83
1520,2014-09-30 08:00:00,4262,48,100
1521,2014-09-30 09:00:00,3836,48,100
1522,2014-09-30 10:00:00,3637,48,100
1523,2014-09-30 11:00:00,3891,48,100
1524,2014-09-30 12:00:00,4175,48,100
1525,2014-09-30 13:00:00,4716,48,100
1526,2014-09-30 14:00:00,5641,48,100
1527,2014-09-30 15:00:00,6204,48,100
1528,2014-09-30 16:00:00,6628,48,100
1529,2014-09-30 17:00:00,6366,48,100
1530,2014-09-30 18:00:00,5187,48,100
1531,2014-09-30 19:00:00,3848,48,100
1532,2014-09-30 20:00:00,2904,48,100
1533,2014-09-30 21:00:00,2465,48,100
1534,2014-09-30 22:00:00,1803,48,100
1535,2014-09-30 23:00:00,1144,48,100
